Date,Offence,Sum Value,year
2010-04-01,Arson and Criminal Damage,8388,8040
2010-04-01,Burglary,7988,8040
2010-04-01,Drug Offences,9489,8040
2010-04-01,Historical Fraud and Forgery,2120,4020
2010-04-01,Miscellaneous Crimes Against Society,1030,96480
2010-04-01,Possession of Weapons,903,24120
2010-04-01,Public Order Offences,3757,16080
2010-04-01,Robbery,3405,8040
2010-04-01,Sexual Offences,1025,8040
2010-04-01,Theft,21929,16080
2010-04-01,Vehicle Offences,9160,16080
2010-04-01,Violence Against the Person,15345,12060
2010-05-01,Arson and Criminal Damage,8076,8040
2010-05-01,Burglary,7824,8040
2010-05-01,Drug Offences,9324,8040
2010-05-01,Historical Fraud and Forgery,2248,4020
2010-05-01,Miscellaneous Crimes Against Society,1100,96480
2010-05-01,Possession of Weapons,876,24120
2010-05-01,Public Order Offences,3901,16080
2010-05-01,Robbery,3781,8040
2010-05-01,Sexual Offences,1142,8040
2010-05-01,Theft,22014,16080
2010-05-01,Vehicle Offences,9402,16080
2010-05-01,Violence Against the Person,16591,12060
2010-06-01,Arson and Criminal Damage,8432,8040
2010-06-01,Burglary,8103,8040
2010-06-01,Drug Offences,10163,8040
2010-06-01,Historical Fraud and Forgery,2204,4020
2010-06-01,Miscellaneous Crimes Against Society,1062,96480
2010-06-01,Possession of Weapons,866,24120
2010-06-01,Public Order Offences,4060,16080
2010-06-01,Robbery,3385,8040
2010-06-01,Sexual Offences,1094,8040
2010-06-01,Theft,22473,16080
2010-06-01,Vehicle Offences,10198,16080
2010-06-01,Violence Against the Person,17164,12060
2010-07-01,Arson and Criminal Damage,8387,8040
2010-07-01,Burglary,8015,8040
2010-07-01,Drug Offences,10820,8040
2010-07-01,Historical Fraud and Forgery,2444,4020
2010-07-01,Miscellaneous Crimes Against Society,1207,96480
2010-07-01,Possession of Weapons,958,24120
2010-07-01,Public Order Offences,4263,16080
2010-07-01,Robbery,3287,8040
2010-07-01,Sexual Offences,1230,8040
2010-07-01,Theft,23537,16080
2010-07-01,Vehicle Offences,8997,16080
2010-07-01,Violence Against the Person,17398,12060
2010-08-01,Arson and Criminal Damage,7644,8040
2010-08-01,Burglary,7992,8040
2010-08-01,Drug Offences,11806,8040
2010-08-01,Historical Fraud and Forgery,2248,4020
2010-08-01,Miscellaneous Crimes Against Society,1093,96480
2010-08-01,Possession of Weapons,913,24120
2010-08-01,Public Order Offences,3790,16080
2010-08-01,Robbery,2898,8040
2010-08-01,Sexual Offences,967,8040
2010-08-01,Theft,21416,16080
2010-08-01,Vehicle Offences,8645,16080
2010-08-01,Violence Against the Person,15262,12060
2010-09-01,Arson and Criminal Damage,7352,8040
2010-09-01,Burglary,8487,8040
2010-09-01,Drug Offences,11383,8040
2010-09-01,Historical Fraud and Forgery,2462,4020
2010-09-01,Miscellaneous Crimes Against Society,1098,96480
2010-09-01,Possession of Weapons,816,24120
2010-09-01,Public Order Offences,3654,16080
2010-09-01,Robbery,3207,8040
2010-09-01,Sexual Offences,1042,8040
2010-09-01,Theft,22018,16080
2010-09-01,Vehicle Offences,9600,16080
2010-09-01,Violence Against the Person,15237,12060
2010-10-01,Arson and Criminal Damage,7597,8040
2010-10-01,Burglary,8889,8040
2010-10-01,Drug Offences,10857,8040
2010-10-01,Historical Fraud and Forgery,2443,4020
2010-10-01,Miscellaneous Crimes Against Society,1062,96480
2010-10-01,Possession of Weapons,914,24120
2010-10-01,Public Order Offences,3619,16080
2010-10-01,Robbery,3477,8040
2010-10-01,Sexual Offences,1021,8040
2010-10-01,Theft,22749,16080
2010-10-01,Vehicle Offences,9819,16080
2010-10-01,Violence Against the Person,14937,12060
2010-11-01,Arson and Criminal Damage,7482,8040
2010-11-01,Burglary,9975,8040
2010-11-01,Drug Offences,10464,8040
2010-11-01,Historical Fraud and Forgery,2433,4020
2010-11-01,Miscellaneous Crimes Against Society,1115,96480
2010-11-01,Possession of Weapons,851,24120
2010-11-01,Public Order Offences,3520,16080
2010-11-01,Robbery,3575,8040
2010-11-01,Sexual Offences,1086,8040
2010-11-01,Theft,22605,16080
2010-11-01,Vehicle Offences,9450,16080
2010-11-01,Violence Against the Person,14596,12060
2010-12-01,Arson and Criminal Damage,6055,8040
2010-12-01,Burglary,8980,8040
2010-12-01,Drug Offences,7156,8040
2010-12-01,Historical Fraud and Forgery,2165,4020
2010-12-01,Miscellaneous Crimes Against Society,833,96480
2010-12-01,Possession of Weapons,626,24120
2010-12-01,Public Order Offences,2936,16080
2010-12-01,Robbery,3296,8040
2010-12-01,Sexual Offences,805,8040
2010-12-01,Theft,18642,16080
2010-12-01,Vehicle Offences,7808,16080
2010-12-01,Violence Against the Person,13425,12060
2011-01-01,Arson and Criminal Damage,6742,8044
2011-01-01,Burglary,9766,8044
2011-01-01,Drug Offences,9473,8044
2011-01-01,Historical Fraud and Forgery,2325,4022
2011-01-01,Miscellaneous Crimes Against Society,1090,96528
2011-01-01,Possession of Weapons,886,24132
2011-01-01,Public Order Offences,3141,16088
2011-01-01,Robbery,3771,8044
2011-01-01,Sexual Offences,1005,8044
2011-01-01,Theft,20380,16088
2011-01-01,Vehicle Offences,9090,16088
2011-01-01,Violence Against the Person,14079,12066
2011-02-01,Arson and Criminal Damage,6286,8044
2011-02-01,Burglary,8600,8044
2011-02-01,Drug Offences,9728,8044
2011-02-01,Historical Fraud and Forgery,2346,4022
2011-02-01,Miscellaneous Crimes Against Society,1134,96528
2011-02-01,Possession of Weapons,888,24132
2011-02-01,Public Order Offences,3098,16088
2011-02-01,Robbery,3730,8044
2011-02-01,Sexual Offences,988,8044
2011-02-01,Theft,20296,16088
2011-02-01,Vehicle Offences,8603,16088
2011-02-01,Violence Against the Person,13151,12066
2011-03-01,Arson and Criminal Damage,7210,8044
2011-03-01,Burglary,9211,8044
2011-03-01,Drug Offences,10844,8044
2011-03-01,Historical Fraud and Forgery,2458,4022
2011-03-01,Miscellaneous Crimes Against Society,1220,96528
2011-03-01,Possession of Weapons,841,24132
2011-03-01,Public Order Offences,3441,16088
2011-03-01,Robbery,4030,8044
2011-03-01,Sexual Offences,1167,8044
2011-03-01,Theft,23062,16088
2011-03-01,Vehicle Offences,9355,16088
2011-03-01,Violence Against the Person,14719,12066
2011-04-01,Arson and Criminal Damage,7208,8044
2011-04-01,Burglary,8236,8044
2011-04-01,Drug Offences,8441,8044
2011-04-01,Historical Fraud and Forgery,1970,4022
2011-04-01,Miscellaneous Crimes Against Society,898,96528
2011-04-01,Possession of Weapons,701,24132
2011-04-01,Public Order Offences,3163,16088
2011-04-01,Robbery,3786,8044
2011-04-01,Sexual Offences,965,8044
2011-04-01,Theft,21694,16088
2011-04-01,Vehicle Offences,8983,16088
2011-04-01,Violence Against the Person,14285,12066
2011-05-01,Arson and Criminal Damage,7611,8044
2011-05-01,Burglary,9072,8044
2011-05-01,Drug Offences,9862,8044
2011-05-01,Historical Fraud and Forgery,2141,4022
2011-05-01,Miscellaneous Crimes Against Society,1002,96528
2011-05-01,Possession of Weapons,831,24132
2011-05-01,Public Order Offences,3424,16088
2011-05-01,Robbery,4414,8044
2011-05-01,Sexual Offences,1140,8044
2011-05-01,Theft,24677,16088
2011-05-01,Vehicle Offences,10084,16088
2011-05-01,Violence Against the Person,14954,12066
2011-06-01,Arson and Criminal Damage,7129,8044
2011-06-01,Burglary,8131,8044
2011-06-01,Drug Offences,10562,8044
2011-06-01,Historical Fraud and Forgery,2164,4022
2011-06-01,Miscellaneous Crimes Against Society,1122,96528
2011-06-01,Possession of Weapons,823,24132
2011-06-01,Public Order Offences,3479,16088
2011-06-01,Robbery,4007,8044
2011-06-01,Sexual Offences,1123,8044
2011-06-01,Theft,24220,16088
2011-06-01,Vehicle Offences,9615,16088
2011-06-01,Violence Against the Person,14793,12066
2011-07-01,Arson and Criminal Damage,7104,8044
2011-07-01,Burglary,8360,8044
2011-07-01,Drug Offences,11449,8044
2011-07-01,Historical Fraud and Forgery,2504,4022
2011-07-01,Miscellaneous Crimes Against Society,1159,96528
2011-07-01,Possession of Weapons,821,24132
2011-07-01,Public Order Offences,3459,16088
2011-07-01,Robbery,4116,8044
2011-07-01,Sexual Offences,1164,8044
2011-07-01,Theft,22982,16088
2011-07-01,Vehicle Offences,9637,16088
2011-07-01,Violence Against the Person,15210,12066
2011-08-01,Arson and Criminal Damage,8002,8044
2011-08-01,Burglary,9269,8044
2011-08-01,Drug Offences,10470,8044
2011-08-01,Historical Fraud and Forgery,2171,4022
2011-08-01,Miscellaneous Crimes Against Society,1424,96528
2011-08-01,Possession of Weapons,926,24132
2011-08-01,Public Order Offences,3725,16088
2011-08-01,Robbery,3675,8044
2011-08-01,Sexual Offences,961,8044
2011-08-01,Theft,20816,16088
2011-08-01,Vehicle Offences,8650,16088
2011-08-01,Violence Against the Person,13988,12066
2011-09-01,Arson and Criminal Damage,6465,8044
2011-09-01,Burglary,8104,8044
2011-09-01,Drug Offences,9952,8044
2011-09-01,Historical Fraud and Forgery,2052,4022
2011-09-01,Miscellaneous Crimes Against Society,1050,96528
2011-09-01,Possession of Weapons,751,24132
2011-09-01,Public Order Offences,3057,16088
2011-09-01,Robbery,3303,8044
2011-09-01,Sexual Offences,1089,8044
2011-09-01,Theft,20413,16088
2011-09-01,Vehicle Offences,9090,16088
2011-09-01,Violence Against the Person,13782,12066
2011-10-01,Arson and Criminal Damage,6621,8044
2011-10-01,Burglary,8714,8044
2011-10-01,Drug Offences,9207,8044
2011-10-01,Historical Fraud and Forgery,2235,4022
2011-10-01,Miscellaneous Crimes Against Society,1074,96528
2011-10-01,Possession of Weapons,736,24132
2011-10-01,Public Order Offences,3101,16088
2011-10-01,Robbery,3595,8044
2011-10-01,Sexual Offences,1071,8044
2011-10-01,Theft,22482,16088
2011-10-01,Vehicle Offences,9303,16088
2011-10-01,Violence Against the Person,14474,12066
2011-11-01,Arson and Criminal Damage,6490,8044
2011-11-01,Burglary,9281,8044
2011-11-01,Drug Offences,9818,8044
2011-11-01,Historical Fraud and Forgery,2459,4022
2011-11-01,Miscellaneous Crimes Against Society,1179,96528
2011-11-01,Possession of Weapons,762,24132
2011-11-01,Public Order Offences,3146,16088
2011-11-01,Robbery,3951,8044
2011-11-01,Sexual Offences,1090,8044
2011-11-01,Theft,23374,16088
2011-11-01,Vehicle Offences,8814,16088
2011-11-01,Violence Against the Person,13854,12066
2011-12-01,Arson and Criminal Damage,5988,8044
2011-12-01,Burglary,9361,8044
2011-12-01,Drug Offences,7850,8044
2011-12-01,Historical Fraud and Forgery,2339,4022
2011-12-01,Miscellaneous Crimes Against Society,938,96528
2011-12-01,Possession of Weapons,620,24132
2011-12-01,Public Order Offences,2634,16088
2011-12-01,Robbery,3323,8044
2011-12-01,Sexual Offences,876,8044
2011-12-01,Theft,21184,16088
2011-12-01,Vehicle Offences,7808,16088
2011-12-01,Violence Against the Person,12976,12066
2012-01-01,Arson and Criminal Damage,6297,8048
2012-01-01,Burglary,9530,8048
2012-01-01,Drug Offences,9864,8048
2012-01-01,Historical Fraud and Forgery,2431,4024
2012-01-01,Miscellaneous Crimes Against Society,947,96576
2012-01-01,Possession of Weapons,695,24144
2012-01-01,Public Order Offences,2872,16096
2012-01-01,Robbery,3456,8048
2012-01-01,Sexual Offences,993,8048
2012-01-01,Theft,21618,16096
2012-01-01,Vehicle Offences,8642,16096
2012-01-01,Violence Against the Person,13412,12072
2012-02-01,Arson and Criminal Damage,5800,8048
2012-02-01,Burglary,8372,8048
2012-02-01,Drug Offences,8345,8048
2012-02-01,Historical Fraud and Forgery,2435,4024
2012-02-01,Miscellaneous Crimes Against Society,920,96576
2012-02-01,Possession of Weapons,634,24144
2012-02-01,Public Order Offences,2774,16096
2012-02-01,Robbery,3387,8048
2012-02-01,Sexual Offences,872,8048
2012-02-01,Theft,19731,16096
2012-02-01,Vehicle Offences,7878,16096
2012-02-01,Violence Against the Person,12542,12072
2012-03-01,Arson and Criminal Damage,6472,8048
2012-03-01,Burglary,9571,8048
2012-03-01,Drug Offences,9165,8048
2012-03-01,Historical Fraud and Forgery,2940,4024
2012-03-01,Miscellaneous Crimes Against Society,1183,96576
2012-03-01,Possession of Weapons,650,24144
2012-03-01,Public Order Offences,3058,16096
2012-03-01,Robbery,3955,8048
2012-03-01,Sexual Offences,1024,8048
2012-03-01,Theft,24227,16096
2012-03-01,Vehicle Offences,9841,16096
2012-03-01,Violence Against the Person,14222,12072
2012-04-01,Arson and Criminal Damage,5765,8048
2012-04-01,Burglary,8245,8048
2012-04-01,Drug Offences,7075,8048
2012-04-01,Historical Fraud and Forgery,2685,4024
2012-04-01,Miscellaneous Crimes Against Society,902,96576
2012-04-01,Possession of Weapons,519,24144
2012-04-01,Public Order Offences,2683,16096
2012-04-01,Robbery,3499,8048
2012-04-01,Sexual Offences,910,8048
2012-04-01,Theft,21055,16096
2012-04-01,Vehicle Offences,8327,16096
2012-04-01,Violence Against the Person,12972,12072
2012-05-01,Arson and Criminal Damage,6316,8048
2012-05-01,Burglary,8298,8048
2012-05-01,Drug Offences,7983,8048
2012-05-01,Historical Fraud and Forgery,2884,4024
2012-05-01,Miscellaneous Crimes Against Society,1009,96576
2012-05-01,Possession of Weapons,613,24144
2012-05-01,Public Order Offences,3282,16096
2012-05-01,Robbery,3602,8048
2012-05-01,Sexual Offences,1072,8048
2012-05-01,Theft,23074,16096
2012-05-01,Vehicle Offences,9476,16096
2012-05-01,Violence Against the Person,14616,12072
2012-06-01,Arson and Criminal Damage,6074,8048
2012-06-01,Burglary,8483,8048
2012-06-01,Drug Offences,7744,8048
2012-06-01,Historical Fraud and Forgery,2761,4024
2012-06-01,Miscellaneous Crimes Against Society,881,96576
2012-06-01,Possession of Weapons,549,24144
2012-06-01,Public Order Offences,3025,16096
2012-06-01,Robbery,3543,8048
2012-06-01,Sexual Offences,921,8048
2012-06-01,Theft,22241,16096
2012-06-01,Vehicle Offences,8396,16096
2012-06-01,Violence Against the Person,13851,12072
2012-07-01,Arson and Criminal Damage,5999,8048
2012-07-01,Burglary,8517,8048
2012-07-01,Drug Offences,8628,8048
2012-07-01,Historical Fraud and Forgery,3107,4024
2012-07-01,Miscellaneous Crimes Against Society,1193,96576
2012-07-01,Possession of Weapons,706,24144
2012-07-01,Public Order Offences,3438,16096
2012-07-01,Robbery,3656,8048
2012-07-01,Sexual Offences,1107,8048
2012-07-01,Theft,23642,16096
2012-07-01,Vehicle Offences,8285,16096
2012-07-01,Violence Against the Person,14828,12072
2012-08-01,Arson and Criminal Damage,6186,8048
2012-08-01,Burglary,8108,8048
2012-08-01,Drug Offences,9619,8048
2012-08-01,Historical Fraud and Forgery,2990,4024
2012-08-01,Miscellaneous Crimes Against Society,1196,96576
2012-08-01,Possession of Weapons,639,24144
2012-08-01,Public Order Offences,3650,16096
2012-08-01,Robbery,3272,8048
2012-08-01,Sexual Offences,1029,8048
2012-08-01,Theft,22436,16096
2012-08-01,Vehicle Offences,8086,16096
2012-08-01,Violence Against the Person,15334,12072
2012-09-01,Arson and Criminal Damage,5240,8048
2012-09-01,Burglary,7681,8048
2012-09-01,Drug Offences,8793,8048
2012-09-01,Historical Fraud and Forgery,2810,4024
2012-09-01,Miscellaneous Crimes Against Society,1177,96576
2012-09-01,Possession of Weapons,565,24144
2012-09-01,Public Order Offences,3171,16096
2012-09-01,Robbery,3147,8048
2012-09-01,Sexual Offences,936,8048
2012-09-01,Theft,20612,16096
2012-09-01,Vehicle Offences,7674,16096
2012-09-01,Violence Against the Person,13660,12072
2012-10-01,Arson and Criminal Damage,5420,8048
2012-10-01,Burglary,8868,8048
2012-10-01,Drug Offences,7747,8048
2012-10-01,Historical Fraud and Forgery,3081,4024
2012-10-01,Miscellaneous Crimes Against Society,1076,96576
2012-10-01,Possession of Weapons,597,24144
2012-10-01,Public Order Offences,3026,16096
2012-10-01,Robbery,3342,8048
2012-10-01,Sexual Offences,1203,8048
2012-10-01,Theft,23169,16096
2012-10-01,Vehicle Offences,8506,16096
2012-10-01,Violence Against the Person,14037,12072
2012-11-01,Arson and Criminal Damage,5644,8048
2012-11-01,Burglary,9615,8048
2012-11-01,Drug Offences,8436,8048
2012-11-01,Historical Fraud and Forgery,3300,4024
2012-11-01,Miscellaneous Crimes Against Society,1010,96576
2012-11-01,Possession of Weapons,635,24144
2012-11-01,Public Order Offences,3139,16096
2012-11-01,Robbery,3563,8048
2012-11-01,Sexual Offences,1142,8048
2012-11-01,Theft,22948,16096
2012-11-01,Vehicle Offences,8942,16096
2012-11-01,Violence Against the Person,13743,12072
2012-12-01,Arson and Criminal Damage,5018,8048
2012-12-01,Burglary,8850,8048
2012-12-01,Drug Offences,7241,8048
2012-12-01,Historical Fraud and Forgery,2607,4024
2012-12-01,Miscellaneous Crimes Against Society,935,96576
2012-12-01,Possession of Weapons,567,24144
2012-12-01,Public Order Offences,2695,16096
2012-12-01,Robbery,3301,8048
2012-12-01,Sexual Offences,915,8048
2012-12-01,Theft,22028,16096
2012-12-01,Vehicle Offences,7644,16096
2012-12-01,Violence Against the Person,13245,12072
2013-01-01,Arson and Criminal Damage,5291,8052
2013-01-01,Burglary,9248,8052
2013-01-01,Drug Offences,8863,8052
2013-01-01,Historical Fraud and Forgery,2922,4026
2013-01-01,Miscellaneous Crimes Against Society,937,96624
2013-01-01,Possession of Weapons,583,24156
2013-01-01,Public Order Offences,2860,16104
2013-01-01,Robbery,3255,8052
2013-01-01,Sexual Offences,1104,8052
2013-01-01,Theft,21160,16104
2013-01-01,Vehicle Offences,8514,16104
2013-01-01,Violence Against the Person,13039,12078
2013-02-01,Arson and Criminal Damage,5181,8052
2013-02-01,Burglary,8454,8052
2013-02-01,Drug Offences,8599,8052
2013-02-01,Historical Fraud and Forgery,555,4026
2013-02-01,Miscellaneous Crimes Against Society,1084,96624
2013-02-01,Possession of Weapons,601,24156
2013-02-01,Public Order Offences,2723,16104
2013-02-01,Robbery,2751,8052
2013-02-01,Sexual Offences,913,8052
2013-02-01,Theft,20212,16104
2013-02-01,Vehicle Offences,7978,16104
2013-02-01,Violence Against the Person,11666,12078
2013-03-01,Arson and Criminal Damage,5194,8052
2013-03-01,Burglary,8310,8052
2013-03-01,Drug Offences,8966,8052
2013-03-01,Historical Fraud and Forgery,153,4026
2013-03-01,Miscellaneous Crimes Against Society,1270,96624
2013-03-01,Possession of Weapons,645,24156
2013-03-01,Public Order Offences,2902,16104
2013-03-01,Robbery,3008,8052
2013-03-01,Sexual Offences,926,8052
2013-03-01,Theft,20749,16104
2013-03-01,Vehicle Offences,7936,16104
2013-03-01,Violence Against the Person,13065,12078
2013-04-01,Arson and Criminal Damage,5517,8052
2013-04-01,Burglary,7889,8052
2013-04-01,Drug Offences,7616,8052
2013-04-01,Historical Fraud and Forgery,110,4026
2013-04-01,Miscellaneous Crimes Against Society,1008,96624
2013-04-01,Possession of Weapons,593,24156
2013-04-01,Public Order Offences,2906,16104
2013-04-01,Robbery,2704,8052
2013-04-01,Sexual Offences,907,8052
2013-04-01,Theft,20386,16104
2013-04-01,Vehicle Offences,7575,16104
2013-04-01,Violence Against the Person,12789,12078
2013-05-01,Arson and Criminal Damage,5705,8052
2013-05-01,Burglary,7650,8052
2013-05-01,Drug Offences,8229,8052
2013-05-01,Historical Fraud and Forgery,75,4026
2013-05-01,Miscellaneous Crimes Against Society,1094,96624
2013-05-01,Possession of Weapons,658,24156
2013-05-01,Public Order Offences,3273,16104
2013-05-01,Robbery,2825,8052
2013-05-01,Sexual Offences,1207,8052
2013-05-01,Theft,20390,16104
2013-05-01,Vehicle Offences,7565,16104
2013-05-01,Violence Against the Person,13538,12078
2013-06-01,Arson and Criminal Damage,5630,8052
2013-06-01,Burglary,7500,8052
2013-06-01,Drug Offences,7900,8052
2013-06-01,Historical Fraud and Forgery,55,4026
2013-06-01,Miscellaneous Crimes Against Society,1037,96624
2013-06-01,Possession of Weapons,628,24156
2013-06-01,Public Order Offences,3239,16104
2013-06-01,Robbery,2807,8052
2013-06-01,Sexual Offences,1127,8052
2013-06-01,Theft,20537,16104
2013-06-01,Vehicle Offences,7763,16104
2013-06-01,Violence Against the Person,13522,12078
2013-07-01,Arson and Criminal Damage,5751,8052
2013-07-01,Burglary,7604,8052
2013-07-01,Drug Offences,8387,8052
2013-07-01,Historical Fraud and Forgery,53,4026
2013-07-01,Miscellaneous Crimes Against Society,1154,96624
2013-07-01,Possession of Weapons,723,24156
2013-07-01,Public Order Offences,3752,16104
2013-07-01,Robbery,3125,8052
2013-07-01,Sexual Offences,1258,8052
2013-07-01,Theft,21824,16104
2013-07-01,Vehicle Offences,7848,16104
2013-07-01,Violence Against the Person,15325,12078
2013-08-01,Arson and Criminal Damage,5451,8052
2013-08-01,Burglary,7338,8052
2013-08-01,Drug Offences,7934,8052
2013-08-01,Historical Fraud and Forgery,51,4026
2013-08-01,Miscellaneous Crimes Against Society,1065,96624
2013-08-01,Possession of Weapons,654,24156
2013-08-01,Public Order Offences,3343,16104
2013-08-01,Robbery,2968,8052
2013-08-01,Sexual Offences,1197,8052
2013-08-01,Theft,20775,16104
2013-08-01,Vehicle Offences,7252,16104
2013-08-01,Violence Against the Person,13574,12078
2013-09-01,Arson and Criminal Damage,4969,8052
2013-09-01,Burglary,7493,8052
2013-09-01,Drug Offences,7856,8052
2013-09-01,Historical Fraud and Forgery,42,4026
2013-09-01,Miscellaneous Crimes Against Society,1074,96624
2013-09-01,Possession of Weapons,611,24156
2013-09-01,Public Order Offences,3118,16104
2013-09-01,Robbery,2911,8052
2013-09-01,Sexual Offences,1067,8052
2013-09-01,Theft,19625,16104
2013-09-01,Vehicle Offences,7740,16104
2013-09-01,Violence Against the Person,13329,12078
2013-10-01,Arson and Criminal Damage,5271,8052
2013-10-01,Burglary,8388,8052
2013-10-01,Drug Offences,9015,8052
2013-10-01,Historical Fraud and Forgery,28,4026
2013-10-01,Miscellaneous Crimes Against Society,1232,96624
2013-10-01,Possession of Weapons,712,24156
2013-10-01,Public Order Offences,3420,16104
2013-10-01,Robbery,2894,8052
2013-10-01,Sexual Offences,1149,8052
2013-10-01,Theft,21060,16104
2013-10-01,Vehicle Offences,8579,16104
2013-10-01,Violence Against the Person,14385,12078
2013-11-01,Arson and Criminal Damage,5247,8052
2013-11-01,Burglary,8993,8052
2013-11-01,Drug Offences,9000,8052
2013-11-01,Historical Fraud and Forgery,61,4026
2013-11-01,Miscellaneous Crimes Against Society,1162,96624
2013-11-01,Possession of Weapons,662,24156
2013-11-01,Public Order Offences,3255,16104
2013-11-01,Robbery,2809,8052
2013-11-01,Sexual Offences,1065,8052
2013-11-01,Theft,19615,16104
2013-11-01,Vehicle Offences,8005,16104
2013-11-01,Violence Against the Person,14210,12078
2013-12-01,Arson and Criminal Damage,5160,8052
2013-12-01,Burglary,8459,8052
2013-12-01,Drug Offences,7359,8052
2013-12-01,Historical Fraud and Forgery,41,4026
2013-12-01,Miscellaneous Crimes Against Society,1130,96624
2013-12-01,Possession of Weapons,587,24156
2013-12-01,Public Order Offences,2947,16104
2013-12-01,Robbery,2374,8052
2013-12-01,Sexual Offences,1082,8052
2013-12-01,Theft,18265,16104
2013-12-01,Vehicle Offences,7273,16104
2013-12-01,Violence Against the Person,14308,12078
2014-01-01,Arson and Criminal Damage,5208,8056
2014-01-01,Burglary,8640,8056
2014-01-01,Drug Offences,7890,8056
2014-01-01,Historical Fraud and Forgery,27,4028
2014-01-01,Miscellaneous Crimes Against Society,1142,96672
2014-01-01,Possession of Weapons,616,24168
2014-01-01,Public Order Offences,3187,16112
2014-01-01,Robbery,2552,8056
2014-01-01,Sexual Offences,1282,8056
2014-01-01,Theft,18252,16112
2014-01-01,Vehicle Offences,7617,16112
2014-01-01,Violence Against the Person,14398,12084
2014-02-01,Arson and Criminal Damage,4848,8056
2014-02-01,Burglary,7429,8056
2014-02-01,Drug Offences,7315,8056
2014-02-01,Historical Fraud and Forgery,9,4028
2014-02-01,Miscellaneous Crimes Against Society,1131,96672
2014-02-01,Possession of Weapons,542,24168
2014-02-01,Public Order Offences,2816,16112
2014-02-01,Robbery,2190,8056
2014-02-01,Sexual Offences,1057,8056
2014-02-01,Theft,17124,16112
2014-02-01,Vehicle Offences,6924,16112
2014-02-01,Violence Against the Person,13522,12084
2014-03-01,Arson and Criminal Damage,5497,8056
2014-03-01,Burglary,7459,8056
2014-03-01,Drug Offences,8574,8056
2014-03-01,Historical Fraud and Forgery,17,4028
2014-03-01,Miscellaneous Crimes Against Society,1298,96672
2014-03-01,Possession of Weapons,709,24168
2014-03-01,Public Order Offences,3476,16112
2014-03-01,Robbery,2292,8056
2014-03-01,Sexual Offences,1248,8056
2014-03-01,Theft,19628,16112
2014-03-01,Vehicle Offences,7479,16112
2014-03-01,Violence Against the Person,15898,12084
2014-04-01,Arson and Criminal Damage,5379,8056
2014-04-01,Burglary,6349,8056
2014-04-01,Drug Offences,7443,8056
2014-04-01,Historical Fraud and Forgery,1,4028
2014-04-01,Miscellaneous Crimes Against Society,1096,96672
2014-04-01,Possession of Weapons,645,24168
2014-04-01,Public Order Offences,3292,16112
2014-04-01,Robbery,2038,8056
2014-04-01,Sexual Offences,1190,8056
2014-04-01,Theft,17892,16112
2014-04-01,Vehicle Offences,7093,16112
2014-04-01,Violence Against the Person,14499,12084
2014-05-01,Arson and Criminal Damage,5628,8056
2014-05-01,Burglary,6395,8056
2014-05-01,Drug Offences,7459,8056
2014-05-01,Historical Fraud and Forgery,10,4028
2014-05-01,Miscellaneous Crimes Against Society,1202,96672
2014-05-01,Possession of Weapons,731,24168
2014-05-01,Public Order Offences,3905,16112
2014-05-01,Robbery,2106,8056
2014-05-01,Sexual Offences,1250,8056
2014-05-01,Theft,18634,16112
2014-05-01,Vehicle Offences,7147,16112
2014-05-01,Violence Against the Person,16023,12084
2014-06-01,Arson and Criminal Damage,5667,8056
2014-06-01,Burglary,5899,8056
2014-06-01,Drug Offences,7252,8056
2014-06-01,Historical Fraud and Forgery,6,4028
2014-06-01,Miscellaneous Crimes Against Society,1030,96672
2014-06-01,Possession of Weapons,690,24168
2014-06-01,Public Order Offences,3863,16112
2014-06-01,Robbery,2148,8056
2014-06-01,Sexual Offences,1402,8056
2014-06-01,Theft,18787,16112
2014-06-01,Vehicle Offences,6959,16112
2014-06-01,Violence Against the Person,17019,12084
2014-07-01,Arson and Criminal Damage,5771,8056
2014-07-01,Burglary,6185,8056
2014-07-01,Drug Offences,7352,8056
2014-07-01,Historical Fraud and Forgery,10,4028
2014-07-01,Miscellaneous Crimes Against Society,1173,96672
2014-07-01,Possession of Weapons,689,24168
2014-07-01,Public Order Offences,4475,16112
2014-07-01,Robbery,1999,8056
2014-07-01,Sexual Offences,1559,8056
2014-07-01,Theft,19199,16112
2014-07-01,Vehicle Offences,6999,16112
2014-07-01,Violence Against the Person,18090,12084
2014-08-01,Arson and Criminal Damage,5419,8056
2014-08-01,Burglary,6322,8056
2014-08-01,Drug Offences,6569,8056
2014-08-01,Historical Fraud and Forgery,11,4028
2014-08-01,Miscellaneous Crimes Against Society,1067,96672
2014-08-01,Possession of Weapons,682,24168
2014-08-01,Public Order Offences,3862,16112
2014-08-01,Robbery,2022,8056
2014-08-01,Sexual Offences,1620,8056
2014-08-01,Theft,18202,16112
2014-08-01,Vehicle Offences,6534,16112
2014-08-01,Violence Against the Person,16256,12084
2014-09-01,Arson and Criminal Damage,5660,8056
2014-09-01,Burglary,6319,8056
2014-09-01,Drug Offences,6501,8056
2014-09-01,Historical Fraud and Forgery,10,4028
2014-09-01,Miscellaneous Crimes Against Society,1147,96672
2014-09-01,Possession of Weapons,690,24168
2014-09-01,Public Order Offences,4572,16112
2014-09-01,Robbery,2029,8056
2014-09-01,Sexual Offences,1513,8056
2014-09-01,Theft,18550,16112
2014-09-01,Vehicle Offences,7047,16112
2014-09-01,Violence Against the Person,17190,12084
2014-10-01,Arson and Criminal Damage,6065,8056
2014-10-01,Burglary,7048,8056
2014-10-01,Drug Offences,6996,8056
2014-10-01,Historical Fraud and Forgery,12,4028
2014-10-01,Miscellaneous Crimes Against Society,1309,96672
2014-10-01,Possession of Weapons,748,24168
2014-10-01,Public Order Offences,4508,16112
2014-10-01,Robbery,2216,8056
2014-10-01,Sexual Offences,1578,8056
2014-10-01,Theft,19323,16112
2014-10-01,Vehicle Offences,7616,16112
2014-10-01,Violence Against the Person,17588,12084
2014-11-01,Arson and Criminal Damage,5909,8056
2014-11-01,Burglary,7354,8056
2014-11-01,Drug Offences,6745,8056
2014-11-01,Historical Fraud and Forgery,8,4028
2014-11-01,Miscellaneous Crimes Against Society,1159,96672
2014-11-01,Possession of Weapons,650,24168
2014-11-01,Public Order Offences,4051,16112
2014-11-01,Robbery,2139,8056
2014-11-01,Sexual Offences,1410,8056
2014-11-01,Theft,18935,16112
2014-11-01,Vehicle Offences,7114,16112
2014-11-01,Violence Against the Person,17825,12084
2014-12-01,Arson and Criminal Damage,5668,8056
2014-12-01,Burglary,7245,8056
2014-12-01,Drug Offences,6452,8056
2014-12-01,Historical Fraud and Forgery,5,4028
2014-12-01,Miscellaneous Crimes Against Society,1164,96672
2014-12-01,Possession of Weapons,610,24168
2014-12-01,Public Order Offences,3910,16112
2014-12-01,Robbery,2096,8056
2014-12-01,Sexual Offences,1294,8056
2014-12-01,Theft,19104,16112
2014-12-01,Vehicle Offences,6664,16112
2014-12-01,Violence Against the Person,17441,12084
2015-01-01,Arson and Criminal Damage,5470,8060
2015-01-01,Burglary,6974,8060
2015-01-01,Drug Offences,6959,8060
2015-01-01,Historical Fraud and Forgery,1,4030
2015-01-01,Miscellaneous Crimes Against Society,1133,96720
2015-01-01,Possession of Weapons,665,24180
2015-01-01,Public Order Offences,3869,16120
2015-01-01,Robbery,2090,8060
2015-01-01,Sexual Offences,1420,8060
2015-01-01,Theft,18214,16120
2015-01-01,Vehicle Offences,7340,16120
2015-01-01,Violence Against the Person,17403,12090
2015-02-01,Arson and Criminal Damage,5224,8060
2015-02-01,Burglary,6430,8060
2015-02-01,Drug Offences,6645,8060
2015-02-01,Historical Fraud and Forgery,2,4030
2015-02-01,Miscellaneous Crimes Against Society,1167,96720
2015-02-01,Possession of Weapons,621,24180
2015-02-01,Public Order Offences,3856,16120
2015-02-01,Robbery,1882,8060
2015-02-01,Sexual Offences,1351,8060
2015-02-01,Theft,17212,16120
2015-02-01,Vehicle Offences,6306,16120
2015-02-01,Violence Against the Person,16344,12090
2015-03-01,Arson and Criminal Damage,6077,8060
2015-03-01,Burglary,6910,8060
2015-03-01,Drug Offences,6709,8060
2015-03-01,Historical Fraud and Forgery,0,4030
2015-03-01,Miscellaneous Crimes Against Society,1284,96720
2015-03-01,Possession of Weapons,772,24180
2015-03-01,Public Order Offences,4292,16120
2015-03-01,Robbery,2137,8060
2015-03-01,Sexual Offences,1642,8060
2015-03-01,Theft,19668,16120
2015-03-01,Vehicle Offences,7368,16120
2015-03-01,Violence Against the Person,18551,12090
2015-04-01,Arson and Criminal Damage,5864,8060
2015-04-01,Burglary,5810,8060
2015-04-01,Drug Offences,5732,8060
2015-04-01,Historical Fraud and Forgery,1,4030
2015-04-01,Miscellaneous Crimes Against Society,1141,96720
2015-04-01,Possession of Weapons,694,24180
2015-04-01,Public Order Offences,4146,16120
2015-04-01,Robbery,1999,8060
2015-04-01,Sexual Offences,1351,8060
2015-04-01,Theft,18516,16120
2015-04-01,Vehicle Offences,6847,16120
2015-04-01,Violence Against the Person,16808,12090
2015-05-01,Arson and Criminal Damage,6035,8060
2015-05-01,Burglary,5935,8060
2015-05-01,Drug Offences,5645,8060
2015-05-01,Historical Fraud and Forgery,0,4030
2015-05-01,Miscellaneous Crimes Against Society,1140,96720
2015-05-01,Possession of Weapons,688,24180
2015-05-01,Public Order Offences,4291,16120
2015-05-01,Robbery,2079,8060
2015-05-01,Sexual Offences,1567,8060
2015-05-01,Theft,19628,16120
2015-05-01,Vehicle Offences,7299,16120
2015-05-01,Violence Against the Person,19048,12090
2015-06-01,Arson and Criminal Damage,6115,8060
2015-06-01,Burglary,5796,8060
2015-06-01,Drug Offences,6275,8060
2015-06-01,Historical Fraud and Forgery,2,4030
2015-06-01,Miscellaneous Crimes Against Society,1207,96720
2015-06-01,Possession of Weapons,803,24180
2015-06-01,Public Order Offences,4717,16120
2015-06-01,Robbery,2007,8060
2015-06-01,Sexual Offences,1544,8060
2015-06-01,Theft,19329,16120
2015-06-01,Vehicle Offences,7649,16120
2015-06-01,Violence Against the Person,19518,12090
2015-07-01,Arson and Criminal Damage,6305,8060
2015-07-01,Burglary,5864,8060
2015-07-01,Drug Offences,6749,8060
2015-07-01,Historical Fraud and Forgery,2,4030
2015-07-01,Miscellaneous Crimes Against Society,1295,96720
2015-07-01,Possession of Weapons,801,24180
2015-07-01,Public Order Offences,4868,16120
2015-07-01,Robbery,2034,8060
2015-07-01,Sexual Offences,1709,8060
2015-07-01,Theft,19758,16120
2015-07-01,Vehicle Offences,6992,16120
2015-07-01,Violence Against the Person,20306,12090
2015-08-01,Arson and Criminal Damage,5700,8060
2015-08-01,Burglary,5768,8060
2015-08-01,Drug Offences,6265,8060
2015-08-01,Historical Fraud and Forgery,5,4030
2015-08-01,Miscellaneous Crimes Against Society,1162,96720
2015-08-01,Possession of Weapons,782,24180
2015-08-01,Public Order Offences,4462,16120
2015-08-01,Robbery,1961,8060
2015-08-01,Sexual Offences,1498,8060
2015-08-01,Theft,17895,16120
2015-08-01,Vehicle Offences,6828,16120
2015-08-01,Violence Against the Person,18618,12090
2015-09-01,Arson and Criminal Damage,5525,8060
2015-09-01,Burglary,5797,8060
2015-09-01,Drug Offences,6906,8060
2015-09-01,Historical Fraud and Forgery,0,4030
2015-09-01,Miscellaneous Crimes Against Society,1366,96720
2015-09-01,Possession of Weapons,850,24180
2015-09-01,Public Order Offences,4622,16120
2015-09-01,Robbery,2002,8060
2015-09-01,Sexual Offences,1478,8060
2015-09-01,Theft,17826,16120
2015-09-01,Vehicle Offences,6901,16120
2015-09-01,Violence Against the Person,18879,12090
2015-10-01,Arson and Criminal Damage,5992,8060
2015-10-01,Burglary,6416,8060
2015-10-01,Drug Offences,6999,8060
2015-10-01,Historical Fraud and Forgery,3,4030
2015-10-01,Miscellaneous Crimes Against Society,1418,96720
2015-10-01,Possession of Weapons,841,24180
2015-10-01,Public Order Offences,4689,16120
2015-10-01,Robbery,2014,8060
2015-10-01,Sexual Offences,1587,8060
2015-10-01,Theft,19347,16120
2015-10-01,Vehicle Offences,7400,16120
2015-10-01,Violence Against the Person,20074,12090
2015-11-01,Arson and Criminal Damage,5991,8060
2015-11-01,Burglary,7253,8060
2015-11-01,Drug Offences,6294,8060
2015-11-01,Historical Fraud and Forgery,2,4030
2015-11-01,Miscellaneous Crimes Against Society,1278,96720
2015-11-01,Possession of Weapons,778,24180
2015-11-01,Public Order Offences,4565,16120
2015-11-01,Robbery,2110,8060
2015-11-01,Sexual Offences,1676,8060
2015-11-01,Theft,19156,16120
2015-11-01,Vehicle Offences,7754,16120
2015-11-01,Violence Against the Person,19326,12090
2015-12-01,Arson and Criminal Damage,5958,8060
2015-12-01,Burglary,6881,8060
2015-12-01,Drug Offences,5775,8060
2015-12-01,Historical Fraud and Forgery,0,4030
2015-12-01,Miscellaneous Crimes Against Society,1169,96720
2015-12-01,Possession of Weapons,694,24180
2015-12-01,Public Order Offences,4368,16120
2015-12-01,Robbery,1969,8060
2015-12-01,Sexual Offences,1500,8060
2015-12-01,Theft,18858,16120
2015-12-01,Vehicle Offences,7211,16120
2015-12-01,Violence Against the Person,19557,12090
2016-01-01,Arson and Criminal Damage,5661,8064
2016-01-01,Burglary,6677,8064
2016-01-01,Drug Offences,7337,8064
2016-01-01,Historical Fraud and Forgery,1,4032
2016-01-01,Miscellaneous Crimes Against Society,1238,96768
2016-01-01,Possession of Weapons,786,24192
2016-01-01,Public Order Offences,4112,16128
2016-01-01,Robbery,2025,8064
2016-01-01,Sexual Offences,1573,8064
2016-01-01,Theft,17406,16128
2016-01-01,Vehicle Offences,7083,16128
2016-01-01,Violence Against the Person,18826,12096
2016-02-01,Arson and Criminal Damage,5610,8064
2016-02-01,Burglary,6239,8064
2016-02-01,Drug Offences,6448,8064
2016-02-01,Historical Fraud and Forgery,0,4032
2016-02-01,Miscellaneous Crimes Against Society,1329,96768
2016-02-01,Possession of Weapons,750,24192
2016-02-01,Public Order Offences,4073,16128
2016-02-01,Robbery,1867,8064
2016-02-01,Sexual Offences,1611,8064
2016-02-01,Theft,17517,16128
2016-02-01,Vehicle Offences,6752,16128
2016-02-01,Violence Against the Person,18207,12096
2016-03-01,Arson and Criminal Damage,5676,8064
2016-03-01,Burglary,6335,8064
2016-03-01,Drug Offences,6565,8064
2016-03-01,Historical Fraud and Forgery,2,4032
2016-03-01,Miscellaneous Crimes Against Society,1381,96768
2016-03-01,Possession of Weapons,783,24192
2016-03-01,Public Order Offences,4412,16128
2016-03-01,Robbery,1948,8064
2016-03-01,Sexual Offences,1806,8064
2016-03-01,Theft,18135,16128
2016-03-01,Vehicle Offences,7343,16128
2016-03-01,Violence Against the Person,19255,12096
2016-04-01,Arson and Criminal Damage,5636,8064
2016-04-01,Burglary,5619,8064
2016-04-01,Drug Offences,6052,8064
2016-04-01,Historical Fraud and Forgery,0,4032
2016-04-01,Miscellaneous Crimes Against Society,1325,96768
2016-04-01,Possession of Weapons,764,24192
2016-04-01,Public Order Offences,4121,16128
2016-04-01,Robbery,1738,8064
2016-04-01,Sexual Offences,1549,8064
2016-04-01,Theft,18029,16128
2016-04-01,Vehicle Offences,7091,16128
2016-04-01,Violence Against the Person,18334,12096
2016-05-01,Arson and Criminal Damage,6443,8064
2016-05-01,Burglary,5781,8064
2016-05-01,Drug Offences,6406,8064
2016-05-01,Historical Fraud and Forgery,2,4032
2016-05-01,Miscellaneous Crimes Against Society,1469,96768
2016-05-01,Possession of Weapons,851,24192
2016-05-01,Public Order Offences,4711,16128
2016-05-01,Robbery,1967,8064
2016-05-01,Sexual Offences,1753,8064
2016-05-01,Theft,19418,16128
2016-05-01,Vehicle Offences,8020,16128
2016-05-01,Violence Against the Person,20287,12096
2016-06-01,Arson and Criminal Damage,5939,8064
2016-06-01,Burglary,5756,8064
2016-06-01,Drug Offences,6450,8064
2016-06-01,Historical Fraud and Forgery,0,4032
2016-06-01,Miscellaneous Crimes Against Society,1410,96768
2016-06-01,Possession of Weapons,1063,24192
2016-06-01,Public Order Offences,5082,16128
2016-06-01,Robbery,2121,8064
2016-06-01,Sexual Offences,1731,8064
2016-06-01,Theft,19291,16128
2016-06-01,Vehicle Offences,7782,16128
2016-06-01,Violence Against the Person,20449,12096
2016-07-01,Arson and Criminal Damage,6279,8064
2016-07-01,Burglary,5778,8064
2016-07-01,Drug Offences,6735,8064
2016-07-01,Historical Fraud and Forgery,0,4032
2016-07-01,Miscellaneous Crimes Against Society,1353,96768
2016-07-01,Possession of Weapons,1006,24192
2016-07-01,Public Order Offences,5691,16128
2016-07-01,Robbery,2217,8064
2016-07-01,Sexual Offences,1850,8064
2016-07-01,Theft,20180,16128
2016-07-01,Vehicle Offences,7847,16128
2016-07-01,Violence Against the Person,20663,12096
2016-08-01,Arson and Criminal Damage,6139,8064
2016-08-01,Burglary,5774,8064
2016-08-01,Drug Offences,6467,8064
2016-08-01,Historical Fraud and Forgery,1,4032
2016-08-01,Miscellaneous Crimes Against Society,1265,96768
2016-08-01,Possession of Weapons,950,24192
2016-08-01,Public Order Offences,5009,16128
2016-08-01,Robbery,2116,8064
2016-08-01,Sexual Offences,1636,8064
2016-08-01,Theft,19403,16128
2016-08-01,Vehicle Offences,7653,16128
2016-08-01,Violence Against the Person,19190,12096
2016-09-01,Arson and Criminal Damage,5778,8064
2016-09-01,Burglary,5740,8064
2016-09-01,Drug Offences,6698,8064
2016-09-01,Historical Fraud and Forgery,2,4032
2016-09-01,Miscellaneous Crimes Against Society,1301,96768
2016-09-01,Possession of Weapons,930,24192
2016-09-01,Public Order Offences,4772,16128
2016-09-01,Robbery,2184,8064
2016-09-01,Sexual Offences,1718,8064
2016-09-01,Theft,18952,16128
2016-09-01,Vehicle Offences,8033,16128
2016-09-01,Violence Against the Person,19236,12096
2016-10-01,Arson and Criminal Damage,5970,8064
2016-10-01,Burglary,5900,8064
2016-10-01,Drug Offences,6777,8064
2016-10-01,Historical Fraud and Forgery,1,4032
2016-10-01,Miscellaneous Crimes Against Society,1419,96768
2016-10-01,Possession of Weapons,978,24192
2016-10-01,Public Order Offences,4728,16128
2016-10-01,Robbery,2263,8064
2016-10-01,Sexual Offences,1701,8064
2016-10-01,Theft,19643,16128
2016-10-01,Vehicle Offences,8598,16128
2016-10-01,Violence Against the Person,19291,12096
2016-11-01,Arson and Criminal Damage,5604,8064
2016-11-01,Burglary,6479,8064
2016-11-01,Drug Offences,5927,8064
2016-11-01,Historical Fraud and Forgery,4,4032
2016-11-01,Miscellaneous Crimes Against Society,1343,96768
2016-11-01,Possession of Weapons,833,24192
2016-11-01,Public Order Offences,4249,16128
2016-11-01,Robbery,2190,8064
2016-11-01,Sexual Offences,1617,8064
2016-11-01,Theft,19106,16128
2016-11-01,Vehicle Offences,8308,16128
2016-11-01,Violence Against the Person,18278,12096
2016-12-01,Arson and Criminal Damage,5776,8064
2016-12-01,Burglary,6954,8064
2016-12-01,Drug Offences,5346,8064
2016-12-01,Historical Fraud and Forgery,0,4032
2016-12-01,Miscellaneous Crimes Against Society,1248,96768
2016-12-01,Possession of Weapons,775,24192
2016-12-01,Public Order Offences,4220,16128
2016-12-01,Robbery,2441,8064
2016-12-01,Sexual Offences,1642,8064
2016-12-01,Theft,19416,16128
2016-12-01,Vehicle Offences,8168,16128
2016-12-01,Violence Against the Person,18794,12096
2017-01-01,Arson and Criminal Damage,5576,8068
2017-01-01,Burglary,7049,8068
2017-01-01,Drug Offences,6104,8068
2017-01-01,Historical Fraud and Forgery,2,4034
2017-01-01,Miscellaneous Crimes Against Society,1402,96816
2017-01-01,Possession of Weapons,909,24204
2017-01-01,Public Order Offences,4118,16136
2017-01-01,Robbery,2268,8068
2017-01-01,Sexual Offences,1588,8068
2017-01-01,Theft,17888,16136
2017-01-01,Vehicle Offences,8159,16136
2017-01-01,Violence Against the Person,18517,12102
2017-02-01,Arson and Criminal Damage,5395,8068
2017-02-01,Burglary,6497,8068
2017-02-01,Drug Offences,5173,8068
2017-02-01,Historical Fraud and Forgery,1,4034
2017-02-01,Miscellaneous Crimes Against Society,1311,96816
2017-02-01,Possession of Weapons,862,24204
2017-02-01,Public Order Offences,4054,16136
2017-02-01,Robbery,2144,8068
2017-02-01,Sexual Offences,1579,8068
2017-02-01,Theft,17788,16136
2017-02-01,Vehicle Offences,7752,16136
2017-02-01,Violence Against the Person,17612,12102
2017-03-01,Arson and Criminal Damage,6000,8068
2017-03-01,Burglary,6803,8068
2017-03-01,Drug Offences,6649,8068
2017-03-01,Historical Fraud and Forgery,0,4034
2017-03-01,Miscellaneous Crimes Against Society,1461,96816
2017-03-01,Possession of Weapons,1122,24204
2017-03-01,Public Order Offences,5019,16136
2017-03-01,Robbery,2762,8068
2017-03-01,Sexual Offences,1942,8068
2017-03-01,Theft,20740,16136
2017-03-01,Vehicle Offences,9261,16136
2017-03-01,Violence Against the Person,20675,12102
2017-04-01,Arson and Criminal Damage,5681,8068
2017-04-01,Burglary,6115,8068
2017-04-01,Drug Offences,5344,8068
2017-04-01,Historical Fraud and Forgery,0,4034
2017-04-01,Miscellaneous Crimes Against Society,1136,96816
2017-04-01,Possession of Weapons,999,24204
2017-04-01,Public Order Offences,4444,16136
2017-04-01,Robbery,2674,8068
2017-04-01,Sexual Offences,1613,8068
2017-04-01,Theft,19125,16136
2017-04-01,Vehicle Offences,8792,16136
2017-04-01,Violence Against the Person,18645,12102
2017-05-01,Arson and Criminal Damage,6128,8068
2017-05-01,Burglary,6186,8068
2017-05-01,Drug Offences,6046,8068
2017-05-01,Historical Fraud and Forgery,0,4034
2017-05-01,Miscellaneous Crimes Against Society,1344,96816
2017-05-01,Possession of Weapons,1254,24204
2017-05-01,Public Order Offences,5092,16136
2017-05-01,Robbery,2655,8068
2017-05-01,Sexual Offences,1971,8068
2017-05-01,Theft,21073,16136
2017-05-01,Vehicle Offences,9443,16136
2017-05-01,Violence Against the Person,20646,12102
2017-06-01,Arson and Criminal Damage,5866,8068
2017-06-01,Burglary,6066,8068
2017-06-01,Drug Offences,5404,8068
2017-06-01,Historical Fraud and Forgery,0,4034
2017-06-01,Miscellaneous Crimes Against Society,1240,96816
2017-06-01,Possession of Weapons,1155,24204
2017-06-01,Public Order Offences,5626,16136
2017-06-01,Robbery,2692,8068
2017-06-01,Sexual Offences,2044,8068
2017-06-01,Theft,20064,16136
2017-06-01,Vehicle Offences,8613,16136
2017-06-01,Violence Against the Person,20775,12102
2017-07-01,Arson and Criminal Damage,6019,8068
2017-07-01,Burglary,6624,8068
2017-07-01,Drug Offences,6085,8068
2017-07-01,Historical Fraud and Forgery,0,4034
2017-07-01,Miscellaneous Crimes Against Society,1368,96816
2017-07-01,Possession of Weapons,1161,24204
2017-07-01,Public Order Offences,5625,16136
2017-07-01,Robbery,3137,8068
2017-07-01,Sexual Offences,1981,8068
2017-07-01,Theft,21720,16136
2017-07-01,Vehicle Offences,8837,16136
2017-07-01,Violence Against the Person,21053,12102
2017-08-01,Arson and Criminal Damage,5674,8068
2017-08-01,Burglary,6644,8068
2017-08-01,Drug Offences,5971,8068
2017-08-01,Historical Fraud and Forgery,0,4034
2017-08-01,Miscellaneous Crimes Against Society,1330,96816
2017-08-01,Possession of Weapons,1178,24204
2017-08-01,Public Order Offences,4789,16136
2017-08-01,Robbery,2888,8068
2017-08-01,Sexual Offences,2088,8068
2017-08-01,Theft,21228,16136
2017-08-01,Vehicle Offences,8860,16136
2017-08-01,Violence Against the Person,18733,12102
2017-09-01,Arson and Criminal Damage,5431,8068
2017-09-01,Burglary,6476,8068
2017-09-01,Drug Offences,6024,8068
2017-09-01,Historical Fraud and Forgery,0,4034
2017-09-01,Miscellaneous Crimes Against Society,1320,96816
2017-09-01,Possession of Weapons,1044,24204
2017-09-01,Public Order Offences,4560,16136
2017-09-01,Robbery,2951,8068
2017-09-01,Sexual Offences,1878,8068
2017-09-01,Theft,19753,16136
2017-09-01,Vehicle Offences,9149,16136
2017-09-01,Violence Against the Person,18932,12102
2017-10-01,Arson and Criminal Damage,5959,8068
2017-10-01,Burglary,7127,8068
2017-10-01,Drug Offences,6505,8068
2017-10-01,Historical Fraud and Forgery,0,4034
2017-10-01,Miscellaneous Crimes Against Society,1435,96816
2017-10-01,Possession of Weapons,1171,24204
2017-10-01,Public Order Offences,5065,16136
2017-10-01,Robbery,3250,8068
2017-10-01,Sexual Offences,2027,8068
2017-10-01,Theft,20425,16136
2017-10-01,Vehicle Offences,9490,16136
2017-10-01,Violence Against the Person,20791,12102
2017-11-01,Arson and Criminal Damage,5648,8068
2017-11-01,Burglary,7683,8068
2017-11-01,Drug Offences,6041,8068
2017-11-01,Historical Fraud and Forgery,1,4034
2017-11-01,Miscellaneous Crimes Against Society,1349,96816
2017-11-01,Possession of Weapons,1034,24204
2017-11-01,Public Order Offences,4649,16136
2017-11-01,Robbery,3329,8068
2017-11-01,Sexual Offences,2038,8068
2017-11-01,Theft,20385,16136
2017-11-01,Vehicle Offences,9496,16136
2017-11-01,Violence Against the Person,19594,12102
2017-12-01,Arson and Criminal Damage,5205,8068
2017-12-01,Burglary,7336,8068
2017-12-01,Drug Offences,5093,8068
2017-12-01,Historical Fraud and Forgery,0,4034
2017-12-01,Miscellaneous Crimes Against Society,1116,96816
2017-12-01,Possession of Weapons,872,24204
2017-12-01,Public Order Offences,3914,16136
2017-12-01,Robbery,3019,8068
2017-12-01,Sexual Offences,1649,8068
2017-12-01,Theft,18698,16136
2017-12-01,Vehicle Offences,8751,16136
2017-12-01,Violence Against the Person,18882,12102
2018-01-01,Arson and Criminal Damage,5505,8072
2018-01-01,Burglary,8047,8072
2018-01-01,Drug Offences,6050,8072
2018-01-01,Historical Fraud and Forgery,0,4036
2018-01-01,Miscellaneous Crimes Against Society,1332,96864
2018-01-01,Possession of Weapons,1049,24216
2018-01-01,Public Order Offences,4152,16144
2018-01-01,Robbery,3159,8072
2018-01-01,Sexual Offences,1800,8072
2018-01-01,Theft,18679,16144
2018-01-01,Vehicle Offences,9715,16144
2018-01-01,Violence Against the Person,19383,12108
2018-02-01,Arson and Criminal Damage,4652,8072
2018-02-01,Burglary,6941,8072
2018-02-01,Drug Offences,5303,8072
2018-02-01,Historical Fraud and Forgery,0,4036
2018-02-01,Miscellaneous Crimes Against Society,1140,96864
2018-02-01,Possession of Weapons,922,24216
2018-02-01,Public Order Offences,3866,16144
2018-02-01,Robbery,2704,8072
2018-02-01,Sexual Offences,1625,8072
2018-02-01,Theft,17283,16144
2018-02-01,Vehicle Offences,8968,16144
2018-02-01,Violence Against the Person,17087,12108
2018-03-01,Arson and Criminal Damage,4940,8072
2018-03-01,Burglary,6603,8072
2018-03-01,Drug Offences,4938,8072
2018-03-01,Historical Fraud and Forgery,0,4036
2018-03-01,Miscellaneous Crimes Against Society,1216,96864
2018-03-01,Possession of Weapons,990,24216
2018-03-01,Public Order Offences,4451,16144
2018-03-01,Robbery,2775,8072
2018-03-01,Sexual Offences,1791,8072
2018-03-01,Theft,18125,16144
2018-03-01,Vehicle Offences,9122,16144
2018-03-01,Violence Against the Person,19161,12108
2018-04-01,Arson and Criminal Damage,5203,8072
2018-04-01,Burglary,6689,8072
2018-04-01,Drug Offences,5141,8072
2018-04-01,Historical Fraud and Forgery,0,4036
2018-04-01,Miscellaneous Crimes Against Society,1168,96864
2018-04-01,Possession of Weapons,1049,24216
2018-04-01,Public Order Offences,4458,16144
2018-04-01,Robbery,2732,8072
2018-04-01,Sexual Offences,1713,8072
2018-04-01,Theft,18293,16144
2018-04-01,Vehicle Offences,9069,16144
2018-04-01,Violence Against the Person,18794,12108
2018-05-01,Arson and Criminal Damage,5352,8072
2018-05-01,Burglary,6674,8072
2018-05-01,Drug Offences,4739,8072
2018-05-01,Historical Fraud and Forgery,1,4036
2018-05-01,Miscellaneous Crimes Against Society,1286,96864
2018-05-01,Possession of Weapons,1086,24216
2018-05-01,Public Order Offences,4842,16144
2018-05-01,Robbery,2745,8072
2018-05-01,Sexual Offences,1907,8072
2018-05-01,Theft,19143,16144
2018-05-01,Vehicle Offences,8989,16144
2018-05-01,Violence Against the Person,20896,12108
2018-06-01,Arson and Criminal Damage,5223,8072
2018-06-01,Burglary,6405,8072
2018-06-01,Drug Offences,4217,8072
2018-06-01,Historical Fraud and Forgery,0,4036
2018-06-01,Miscellaneous Crimes Against Society,1174,96864
2018-06-01,Possession of Weapons,1047,24216
2018-06-01,Public Order Offences,4906,16144
2018-06-01,Robbery,3078,8072
2018-06-01,Sexual Offences,1976,8072
2018-06-01,Theft,19073,16144
2018-06-01,Vehicle Offences,9171,16144
2018-06-01,Violence Against the Person,21275,12108
2018-07-01,Arson and Criminal Damage,5426,8072
2018-07-01,Burglary,6615,8072
2018-07-01,Drug Offences,4206,8072
2018-07-01,Historical Fraud and Forgery,0,4036
2018-07-01,Miscellaneous Crimes Against Society,1179,96864
2018-07-01,Possession of Weapons,1057,24216
2018-07-01,Public Order Offences,5546,16144
2018-07-01,Robbery,3114,8072
2018-07-01,Sexual Offences,2152,8072
2018-07-01,Theft,20564,16144
2018-07-01,Vehicle Offences,9225,16144
2018-07-01,Violence Against the Person,22569,12108
2018-08-01,Arson and Criminal Damage,4963,8072
2018-08-01,Burglary,6868,8072
2018-08-01,Drug Offences,4904,8072
2018-08-01,Historical Fraud and Forgery,0,4036
2018-08-01,Miscellaneous Crimes Against Society,1121,96864
2018-08-01,Possession of Weapons,1048,24216
2018-08-01,Public Order Offences,4455,16144
2018-08-01,Robbery,2718,8072
2018-08-01,Sexual Offences,1763,8072
2018-08-01,Theft,19220,16144
2018-08-01,Vehicle Offences,9365,16144
2018-08-01,Violence Against the Person,19501,12108
2018-09-01,Arson and Criminal Damage,4824,8072
2018-09-01,Burglary,6435,8072
2018-09-01,Drug Offences,4424,8072
2018-09-01,Historical Fraud and Forgery,0,4036
2018-09-01,Miscellaneous Crimes Against Society,1225,96864
2018-09-01,Possession of Weapons,979,24216
2018-09-01,Public Order Offences,4533,16144
2018-09-01,Robbery,2813,8072
2018-09-01,Sexual Offences,1837,8072
2018-09-01,Theft,18839,16144
2018-09-01,Vehicle Offences,9955,16144
2018-09-01,Violence Against the Person,19472,12108
2018-10-01,Arson and Criminal Damage,5342,8072
2018-10-01,Burglary,7493,8072
2018-10-01,Drug Offences,5237,8072
2018-10-01,Historical Fraud and Forgery,0,4036
2018-10-01,Miscellaneous Crimes Against Society,1271,96864
2018-10-01,Possession of Weapons,1032,24216
2018-10-01,Public Order Offences,4852,16144
2018-10-01,Robbery,3136,8072
2018-10-01,Sexual Offences,1901,8072
2018-10-01,Theft,20989,16144
2018-10-01,Vehicle Offences,10696,16144
2018-10-01,Violence Against the Person,20829,12108
2018-11-01,Arson and Criminal Damage,5069,8072
2018-11-01,Burglary,8245,8072
2018-11-01,Drug Offences,5032,8072
2018-11-01,Historical Fraud and Forgery,1,4036
2018-11-01,Miscellaneous Crimes Against Society,1230,96864
2018-11-01,Possession of Weapons,1026,24216
2018-11-01,Public Order Offences,4476,16144
2018-11-01,Robbery,3192,8072
2018-11-01,Sexual Offences,1832,8072
2018-11-01,Theft,20750,16144
2018-11-01,Vehicle Offences,10660,16144
2018-11-01,Violence Against the Person,19678,12108
2018-12-01,Arson and Criminal Damage,5053,8072
2018-12-01,Burglary,7443,8072
2018-12-01,Drug Offences,4553,8072
2018-12-01,Historical Fraud and Forgery,0,4036
2018-12-01,Miscellaneous Crimes Against Society,1006,96864
2018-12-01,Possession of Weapons,941,24216
2018-12-01,Public Order Offences,4124,16144
2018-12-01,Robbery,3154,8072
2018-12-01,Sexual Offences,1559,8072
2018-12-01,Theft,20176,16144
2018-12-01,Vehicle Offences,9749,16144
2018-12-01,Violence Against the Person,19874,12108
2019-01-01,Arson and Criminal Damage,4961,8076
2019-01-01,Burglary,7816,8076
2019-01-01,Drug Offences,5401,8076
2019-01-01,Historical Fraud and Forgery,0,4038
2019-01-01,Miscellaneous Crimes Against Society,1149,96912
2019-01-01,Possession of Weapons,1076,24228
2019-01-01,Public Order Offences,4096,16152
2019-01-01,Robbery,3177,8076
2019-01-01,Sexual Offences,1800,8076
2019-01-01,Theft,19890,16152
2019-01-01,Vehicle Offences,11051,16152
2019-01-01,Violence Against the Person,19691,12114
2019-02-01,Arson and Criminal Damage,4738,8076
2019-02-01,Burglary,7018,8076
2019-02-01,Drug Offences,4930,8076
2019-02-01,Historical Fraud and Forgery,0,4038
2019-02-01,Miscellaneous Crimes Against Society,1139,96912
2019-02-01,Possession of Weapons,1016,24228
2019-02-01,Public Order Offences,4104,16152
2019-02-01,Robbery,3152,8076
2019-02-01,Sexual Offences,1648,8076
2019-02-01,Theft,20525,16152
2019-02-01,Vehicle Offences,9800,16152
2019-02-01,Violence Against the Person,18803,12114
2019-03-01,Arson and Criminal Damage,5297,8076
2019-03-01,Burglary,7523,8076
2019-03-01,Drug Offences,6021,8076
2019-03-01,Historical Fraud and Forgery,0,4038
2019-03-01,Miscellaneous Crimes Against Society,1220,96912
2019-03-01,Possession of Weapons,1216,24228
2019-03-01,Public Order Offences,4880,16152
2019-03-01,Robbery,3351,8076
2019-03-01,Sexual Offences,1798,8076
2019-03-01,Theft,22106,16152
2019-03-01,Vehicle Offences,10938,16152
2019-03-01,Violence Against the Person,20373,12114
2019-04-01,Arson and Criminal Damage,5081,8076
2019-04-01,Burglary,6670,8076
2019-04-01,Drug Offences,5227,8076
2019-04-01,Historical Fraud and Forgery,0,4038
2019-04-01,Miscellaneous Crimes Against Society,1116,96912
2019-04-01,Possession of Weapons,948,24228
2019-04-01,Public Order Offences,4558,16152
2019-04-01,Robbery,3585,8076
2019-04-01,Sexual Offences,1681,8076
2019-04-01,Theft,22228,16152
2019-04-01,Vehicle Offences,10471,16152
2019-04-01,Violence Against the Person,19366,12114
2019-05-01,Arson and Criminal Damage,5221,8076
2019-05-01,Burglary,6706,8076
2019-05-01,Drug Offences,5579,8076
2019-05-01,Historical Fraud and Forgery,0,4038
2019-05-01,Miscellaneous Crimes Against Society,1259,96912
2019-05-01,Possession of Weapons,1033,24228
2019-05-01,Public Order Offences,5037,16152
2019-05-01,Robbery,3471,8076
2019-05-01,Sexual Offences,1783,8076
2019-05-01,Theft,22572,16152
2019-05-01,Vehicle Offences,10199,16152
2019-05-01,Violence Against the Person,20757,12114
2019-06-01,Arson and Criminal Damage,4996,8076
2019-06-01,Burglary,6636,8076
2019-06-01,Drug Offences,5636,8076
2019-06-01,Historical Fraud and Forgery,0,4038
2019-06-01,Miscellaneous Crimes Against Society,1165,96912
2019-06-01,Possession of Weapons,919,24228
2019-06-01,Public Order Offences,5038,16152
2019-06-01,Robbery,3354,8076
2019-06-01,Sexual Offences,1955,8076
2019-06-01,Theft,21918,16152
2019-06-01,Vehicle Offences,10193,16152
2019-06-01,Violence Against the Person,20745,12114
2019-07-01,Arson and Criminal Damage,5232,8076
2019-07-01,Burglary,6613,8076
2019-07-01,Drug Offences,6344,8076
2019-07-01,Historical Fraud and Forgery,0,4038
2019-07-01,Miscellaneous Crimes Against Society,1188,96912
2019-07-01,Possession of Weapons,935,24228
2019-07-01,Public Order Offences,5802,16152
2019-07-01,Robbery,3599,8076
2019-07-01,Sexual Offences,1985,8076
2019-07-01,Theft,23454,16152
2019-07-01,Vehicle Offences,10641,16152
2019-07-01,Violence Against the Person,22143,12114
2019-08-01,Arson and Criminal Damage,4856,8076
2019-08-01,Burglary,6438,8076
2019-08-01,Drug Offences,6370,8076
2019-08-01,Historical Fraud and Forgery,0,4038
2019-08-01,Miscellaneous Crimes Against Society,1059,96912
2019-08-01,Possession of Weapons,943,24228
2019-08-01,Public Order Offences,5050,16152
2019-08-01,Robbery,3225,8076
2019-08-01,Sexual Offences,1667,8076
2019-08-01,Theft,21566,16152
2019-08-01,Vehicle Offences,10631,16152
2019-08-01,Violence Against the Person,20151,12114
2019-09-01,Arson and Criminal Damage,4866,8076
2019-09-01,Burglary,6825,8076
2019-09-01,Drug Offences,5622,8076
2019-09-01,Historical Fraud and Forgery,0,4038
2019-09-01,Miscellaneous Crimes Against Society,1189,96912
2019-09-01,Possession of Weapons,945,24228
2019-09-01,Public Order Offences,4946,16152
2019-09-01,Robbery,3564,8076
2019-09-01,Sexual Offences,1741,8076
2019-09-01,Theft,20551,16152
2019-09-01,Vehicle Offences,11756,16152
2019-09-01,Violence Against the Person,20276,12114
2019-10-01,Arson and Criminal Damage,5178,8076
2019-10-01,Burglary,7632,8076
2019-10-01,Drug Offences,5607,8076
2019-10-01,Historical Fraud and Forgery,0,4038
2019-10-01,Miscellaneous Crimes Against Society,1191,96912
2019-10-01,Possession of Weapons,922,24228
2019-10-01,Public Order Offences,5128,16152
2019-10-01,Robbery,4043,8076
2019-10-01,Sexual Offences,1818,8076
2019-10-01,Theft,22984,16152
2019-10-01,Vehicle Offences,12433,16152
2019-10-01,Violence Against the Person,20717,12114
2019-11-01,Arson and Criminal Damage,4846,8076
2019-11-01,Burglary,7464,8076
2019-11-01,Drug Offences,5561,8076
2019-11-01,Historical Fraud and Forgery,0,4038
2019-11-01,Miscellaneous Crimes Against Society,1243,96912
2019-11-01,Possession of Weapons,988,24228
2019-11-01,Public Order Offences,4811,16152
2019-11-01,Robbery,4031,8076
2019-11-01,Sexual Offences,1879,8076
2019-11-01,Theft,21929,16152
2019-11-01,Vehicle Offences,11487,16152
2019-11-01,Violence Against the Person,20728,12114
2019-12-01,Arson and Criminal Damage,4787,8076
2019-12-01,Burglary,7049,8076
2019-12-01,Drug Offences,4704,8076
2019-12-01,Historical Fraud and Forgery,0,4038
2019-12-01,Miscellaneous Crimes Against Society,1075,96912
2019-12-01,Possession of Weapons,793,24228
2019-12-01,Public Order Offences,4450,16152
2019-12-01,Robbery,3502,8076
2019-12-01,Sexual Offences,1617,8076
2019-12-01,Theft,20766,16152
2019-12-01,Vehicle Offences,11081,16152
2019-12-01,Violence Against the Person,19512,12114
2020-01-01,Arson and Criminal Damage,4796,8080
2020-01-01,Burglary,7356,8080
2020-01-01,Drug Offences,6815,8080
2020-01-01,Historical Fraud and Forgery,0,4040
2020-01-01,Miscellaneous Crimes Against Society,1220,96960
2020-01-01,Possession of Weapons,1180,24240
2020-01-01,Public Order Offences,4870,16160
2020-01-01,Robbery,3688,8080
2020-01-01,Sexual Offences,1838,8080
2020-01-01,Theft,19641,16160
2020-01-01,Vehicle Offences,12249,16160
2020-01-01,Violence Against the Person,20439,12120
2020-02-01,Arson and Criminal Damage,4649,8080
2020-02-01,Burglary,6648,8080
2020-02-01,Drug Offences,6270,8080
2020-02-01,Historical Fraud and Forgery,0,4040
2020-02-01,Miscellaneous Crimes Against Society,1082,96960
2020-02-01,Possession of Weapons,925,24240
2020-02-01,Public Order Offences,4568,16160
2020-02-01,Robbery,3427,8080
2020-02-01,Sexual Offences,1918,8080
2020-02-01,Theft,20563,16160
2020-02-01,Vehicle Offences,11000,16160
2020-02-01,Violence Against the Person,19207,12120
2020-03-01,Arson and Criminal Damage,4909,8080
2020-03-01,Burglary,5661,8080
2020-03-01,Drug Offences,7014,8080
2020-03-01,Historical Fraud and Forgery,0,4040
2020-03-01,Miscellaneous Crimes Against Society,1257,96960
2020-03-01,Possession of Weapons,1021,24240
2020-03-01,Public Order Offences,4759,16160
2020-03-01,Robbery,2979,8080
2020-03-01,Sexual Offences,1681,8080
2020-03-01,Theft,15742,16160
2020-03-01,Vehicle Offences,9787,16160
2020-03-01,Violence Against the Person,19985,12120
2020-04-01,Arson and Criminal Damage,3996,8080
2020-04-01,Burglary,4104,8080
2020-04-01,Drug Offences,8065,8080
2020-04-01,Historical Fraud and Forgery,0,4040
2020-04-01,Miscellaneous Crimes Against Society,1217,96960
2020-04-01,Possession of Weapons,1044,24240
2020-04-01,Public Order Offences,4157,16160
2020-04-01,Robbery,1334,8080
2020-04-01,Sexual Offences,1167,8080
2020-04-01,Theft,7961,16160
2020-04-01,Vehicle Offences,6565,16160
2020-04-01,Violence Against the Person,18127,12120
2020-05-01,Arson and Criminal Damage,4382,8080
2020-05-01,Burglary,4229,8080
2020-05-01,Drug Offences,9913,8080
2020-05-01,Historical Fraud and Forgery,0,4040
2020-05-01,Miscellaneous Crimes Against Society,1224,96960
2020-05-01,Possession of Weapons,1113,24240
2020-05-01,Public Order Offences,4953,16160
2020-05-01,Robbery,1529,8080
2020-05-01,Sexual Offences,1415,8080
2020-05-01,Theft,9505,16160
2020-05-01,Vehicle Offences,7474,16160
2020-05-01,Violence Against the Person,20460,12120
2020-06-01,Arson and Criminal Damage,4750,8080
2020-06-01,Burglary,4608,8080
2020-06-01,Drug Offences,7333,8080
2020-06-01,Historical Fraud and Forgery,0,4040
2020-06-01,Miscellaneous Crimes Against Society,1260,96960
2020-06-01,Possession of Weapons,905,24240
2020-06-01,Public Order Offences,5590,16160
2020-06-01,Robbery,1919,8080
2020-06-01,Sexual Offences,1654,8080
2020-06-01,Theft,11953,16160
2020-06-01,Vehicle Offences,8267,16160
2020-06-01,Violence Against the Person,21249,12120
2020-07-01,Arson and Criminal Damage,5083,8080
2020-07-01,Burglary,5198,8080
2020-07-01,Drug Offences,7051,8080
2020-07-01,Historical Fraud and Forgery,1,4040
2020-07-01,Miscellaneous Crimes Against Society,1251,96960
2020-07-01,Possession of Weapons,871,24240
2020-07-01,Public Order Offences,6315,16160
2020-07-01,Robbery,2388,8080
2020-07-01,Sexual Offences,1962,8080
2020-07-01,Theft,15700,16160
2020-07-01,Vehicle Offences,9156,16160
2020-07-01,Violence Against the Person,22305,12120
2020-08-01,Arson and Criminal Damage,5023,8080
2020-08-01,Burglary,5259,8080
2020-08-01,Drug Offences,5589,8080
2020-08-01,Historical Fraud and Forgery,0,4040
2020-08-01,Miscellaneous Crimes Against Society,1140,96960
2020-08-01,Possession of Weapons,889,24240
2020-08-01,Public Order Offences,6130,16160
2020-08-01,Robbery,2692,8080
2020-08-01,Sexual Offences,1850,8080
2020-08-01,Theft,16617,16160
2020-08-01,Vehicle Offences,9038,16160
2020-08-01,Violence Against the Person,22577,12120
2020-09-01,Arson and Criminal Damage,4659,8080
2020-09-01,Burglary,5495,8080
2020-09-01,Drug Offences,5978,8080
2020-09-01,Historical Fraud and Forgery,0,4040
2020-09-01,Miscellaneous Crimes Against Society,1316,96960
2020-09-01,Possession of Weapons,962,24240
2020-09-01,Public Order Offences,5940,16160
2020-09-01,Robbery,2818,8080
2020-09-01,Sexual Offences,1828,8080
2020-09-01,Theft,17183,16160
2020-09-01,Vehicle Offences,10338,16160
2020-09-01,Violence Against the Person,21698,12120
2020-10-01,Arson and Criminal Damage,4655,8080
2020-10-01,Burglary,5920,8080
2020-10-01,Drug Offences,6092,8080
2020-10-01,Historical Fraud and Forgery,0,4040
2020-10-01,Miscellaneous Crimes Against Society,1185,96960
2020-10-01,Possession of Weapons,932,24240
2020-10-01,Public Order Offences,5285,16160
2020-10-01,Robbery,2663,8080
2020-10-01,Sexual Offences,1892,8080
2020-10-01,Theft,17523,16160
2020-10-01,Vehicle Offences,10807,16160
2020-10-01,Violence Against the Person,20596,12120
2020-11-01,Arson and Criminal Damage,4615,8080
2020-11-01,Burglary,5508,8080
2020-11-01,Drug Offences,6788,8080
2020-11-01,Historical Fraud and Forgery,0,4040
2020-11-01,Miscellaneous Crimes Against Society,1383,96960
2020-11-01,Possession of Weapons,1028,24240
2020-11-01,Public Order Offences,4961,16160
2020-11-01,Robbery,2498,8080
2020-11-01,Sexual Offences,1778,8080
2020-11-01,Theft,13543,16160
2020-11-01,Vehicle Offences,9353,16160
2020-11-01,Violence Against the Person,20393,12120
2020-12-01,Arson and Criminal Damage,4386,8080
2020-12-01,Burglary,4984,8080
2020-12-01,Drug Offences,5531,8080
2020-12-01,Historical Fraud and Forgery,0,4040
2020-12-01,Miscellaneous Crimes Against Society,1127,96960
2020-12-01,Possession of Weapons,770,24240
2020-12-01,Public Order Offences,4489,16160
2020-12-01,Robbery,2183,8080
2020-12-01,Sexual Offences,1509,8080
2020-12-01,Theft,13821,16160
2020-12-01,Vehicle Offences,7867,16160
2020-12-01,Violence Against the Person,19138,12120
2021-01-01,Arson and Criminal Damage,3988,8084
2021-01-01,Burglary,4547,8084
2021-01-01,Drug Offences,5811,8084
2021-01-01,Historical Fraud and Forgery,1,4042
2021-01-01,Miscellaneous Crimes Against Society,1090,97008
2021-01-01,Possession of Weapons,769,24252
2021-01-01,Public Order Offences,4071,16168
2021-01-01,Robbery,1662,8084
2021-01-01,Sexual Offences,1430,8084
2021-01-01,Theft,10022,16168
2021-01-01,Vehicle Offences,7817,16168
2021-01-01,Violence Against the Person,17773,12126
2021-02-01,Arson and Criminal Damage,3923,8084
2021-02-01,Burglary,4335,8084
2021-02-01,Drug Offences,5950,8084
2021-02-01,Historical Fraud and Forgery,0,4042
2021-02-01,Miscellaneous Crimes Against Society,1055,97008
2021-02-01,Possession of Weapons,779,24252
2021-02-01,Public Order Offences,3900,16168
2021-02-01,Robbery,1474,8084
2021-02-01,Sexual Offences,1550,8084
2021-02-01,Theft,9869,16168
2021-02-01,Vehicle Offences,7758,16168
2021-02-01,Violence Against the Person,17283,12126
2021-03-01,Arson and Criminal Damage,4515,8084
2021-03-01,Burglary,4974,8084
2021-03-01,Drug Offences,6295,8084
2021-03-01,Historical Fraud and Forgery,0,4042
2021-03-01,Miscellaneous Crimes Against Society,1403,97008
2021-03-01,Possession of Weapons,763,24252
2021-03-01,Public Order Offences,5573,16168
2021-03-01,Robbery,1909,8084
2021-03-01,Sexual Offences,2281,8084
2021-03-01,Theft,11969,16168
2021-03-01,Vehicle Offences,8484,16168
2021-03-01,Violence Against the Person,20767,12126
